Train Images,Train Annotations
20301090_08.png,20301090_08.txt
1973.png,1973.txt
21101312_55.jpg,21101312_55.txt
748.png,748.txt
ID_06.jpg,ID_06.txt
22101857_8.png,22101857_8.txt
666.png,666.txt
649.png,649.txt
20201115_08.png,20201115_08.txt
1564.png,1564.txt
21101135_11.JPG,21101135_11.txt
1594.png,1594.txt
768.png,768.txt
19121070_31.jpg,19121070_31.txt
20121066_28.jpg,20121066_28.txt
20301003_03.png,20301003_03.txt
20301414_38.png,20301414_38.txt
21101135_22.JPG,21101135_22.txt
2944.png,2944.txt
2534.png,2534.txt
546.png,546.txt
2002.png,2002.txt
20301114_22.jpg,20301114_22.txt
21141009_28.jpg,21141009_28.txt
2469.png,2469.txt
997.png,997.txt
21141009_07.jpg,21141009_07.txt
1804.png,1804.txt
13.png,13.txt
2657.png,2657.txt
24141199_40.png,24141199_40.txt
20321023_01.jpg,20321023_01.txt
20121026_22.jpg,20121026_22.txt
20101285_08.png,20101285_08.txt
21141009_01.jpg,21141009_01.txt
20301159_21.jpg,20301159_21.txt
20301228_08.JPG,20301228_08.txt
2461.png,2461.txt
2099.png,2099.txt
2543.png,2543.txt
20301414_12.png,20301414_12.txt
20121026_12.jpg,20121026_12.txt
20101285_62.jpg,20101285_62.txt
20301114_14.jpg,20301114_14.txt
4415.png,4415.txt
18101381_13.jpeg,18101381_13.txt
2559.png,2559.txt
599.png,599.txt
20301159_18.jpg,20301159_18.txt
4412.png,4412.txt
21101135_54.png,21101135_54.txt
524.png,524.txt
3092.png,3092.txt
20301228_04.JPG,20301228_04.txt
21301589_17.png,21301589_17.txt
20301343_22.jpg,20301343_22.txt
3014.png,3014.txt
2149.png,2149.txt
21101135_29.JPG,21101135_29.txt
2499.png,2499.txt
4401.png,4401.txt
21301116_17.jpg,21301116_17.txt
557.png,557.txt
19101192_11.jpg,19101192_11.txt
20101285_22.png,20101285_22.txt
518.png,518.txt
23241084_58.jpg,23241084_58.txt
21101312_60.jpg,21101312_60.txt
20121011_06.jpg,20121011_06.txt
464.png,464.txt
2162.png,2162.txt
20301294_02.jpg,20301294_02.txt
592.png,592.txt
21301138_33.jpeg,21301138_33.txt
20301090_03.png,20301090_03.txt
21101135_01.JPG,21101135_01.txt
498.png,498.txt
20101285_20.png,20101285_20.txt
2866.png,2866.txt
1514.png,1514.txt
2673.png,2673.txt
1903.png,1903.txt
20301414_60.jpg,20301414_60.txt
2046.png,2046.txt
2945.png,2945.txt
24141199_10.png,24141199_10.txt
2147.png,2147.txt
2531.png,2531.txt
20121066_16.jpg,20121066_16.txt
2138.png,2138.txt
2062.png,2062.txt
585.png,585.txt
21101312_7.png,21101312_7.txt
20301228_02.JPG,20301228_02.txt
1494.png,1494.txt
20301368_19.jpg,20301368_19.txt
20301368_13.jpg,20301368_13.txt
265.png,265.txt
23241113_04.jpg,23241113_04.txt
23241084_31.png,23241084_31.txt
2063.png,2063.txt
23241108_01.jpg,23241108_01.txt
20201086_01.png,20201086_01.txt
18101381_25.jpeg,18101381_25.txt
2926.png,2926.txt
24141199_17.png,24141199_17.txt
2607.png,2607.txt
20121051_31.png,20121051_31.txt
19121070_27.jpg,19121070_27.txt
20301266_23.jpeg,20301266_23.txt
20201210_18.jpg,20201210_18.txt
1639.png,1639.txt
2340.png,2340.txt
1629.png,1629.txt
20301266_18.jpg,20301266_18.txt
21101312_21.png,21101312_21.txt
20121011_30.jpg,20121011_30.txt
2692.png,2692.txt
371.png,371.txt
20121051_21.png,20121051_21.txt
20321023_19.jpg,20321023_19.txt
20301343_14.jpg,20301343_14.txt
461.png,461.txt
20101285_09.png,20101285_09.txt
20121051_06.png,20121051_06.txt
340.png,340.txt
2635.png,2635.txt
20201020_54.jpg,20201020_54.txt
20201086_20.png,20201086_20.txt
2005.png,2005.txt
20201148_12.jpg,20201148_12.txt
255.png,255.txt
20301414_31.png,20301414_31.txt
ID_02.jpg,ID_02.txt
21201775_10.png,21201775_10.txt
20121026_29.jpg,20121026_29.txt
21101243_14.jpg,21101243_14.txt
20301414_52.jpg,20301414_52.txt
20301090_27.png,20301090_27.txt
20201210_28.jpg,20201210_28.txt
2710.png,2710.txt
20201020_45.jpg,20201020_45.txt
359.png,359.txt
23341101_21.jpg,23341101_21.txt
2892.png,2892.txt
21301589_16.png,21301589_16.txt
2946.png,2946.txt
21101243_06.jpg,21101243_06.txt
20301131_28.jpg,20301131_28.txt
21301116_19.jpg,21301116_19.txt
20201148_19.png,20201148_19.txt
21101135_09.JPG,21101135_09.txt
2133.png,2133.txt
20301003_30.png,20301003_30.txt
21101135_69.png,21101135_69.txt
22101861_19.jpg,22101861_19.txt
2602.png,2602.txt
815.png,815.txt
2877.png,2877.txt
22141027_28.png,22141027_28.txt
1581.png,1581.txt
2042.png,2042.txt
774.png,774.txt
1449.png,1449.txt
2324.png,2324.txt
18101381_06.jpeg,18101381_06.txt
20201115_30.png,20201115_30.txt
2048.png,2048.txt
2216.png,2216.txt
3087.png,3087.txt
20301368_11.jpeg,20301368_11.txt
2196.png,2196.txt
2994.png,2994.txt
20121044_01.jpg,20121044_01.txt
2536.png,2536.txt
2202.png,2202.txt
20121044_08.jpg,20121044_08.txt
1482.png,1482.txt
20301368_30.jpeg,20301368_30.txt
3115.png,3115.txt
24.png,24.txt
21101135_41.png,21101135_41.txt
2998.png,2998.txt
20201115_24.png,20201115_24.txt
2467.png,2467.txt
1572.png,1572.txt
1033.png,1033.txt
21301138_30.jpeg,21301138_30.txt
20301266_12.jpg,20301266_12.txt
1972.png,1972.txt
20201148_27.png,20201148_27.txt
20121026_27.jpg,20121026_27.txt
20201115_22.png,20201115_22.txt
21101282_01.jpg,21101282_01.txt
20201115_11.png,20201115_11.txt
2083.png,2083.txt
21201775_20.png,21201775_20.txt
21101135_64.png,21101135_64.txt
2040.png,2040.txt
21141009_09.jpg,21141009_09.txt
770.png,770.txt
1488.png,1488.txt
20301159_30.jpg,20301159_30.txt
20121044_18.jpg,20121044_18.txt
587.png,587.txt
19121070_21.jpg,19121070_21.txt
20201020_69.png,20201020_69.txt
23241108_10.jpg,23241108_10.txt
389.png,389.txt
21301116_09.jpg,21301116_09.txt
20301294_28.jpg,20301294_28.txt
20301403_21.jpg,20301403_21.txt
ID_01.jpg,ID_01.txt
21301589_27.png,21301589_27.txt
1604.png,1604.txt
21101243_35.jpg,21101243_35.txt
20301343_21.jpg,20301343_21.txt
2347.png,2347.txt
598.png,598.txt
21101312_42.jpg,21101312_42.txt
2015.png,2015.txt
20121044_24.jpg,20121044_24.txt
1819.png,1819.txt
23241084_18.png,23241084_18.txt
20201086_27.png,20201086_27.txt
444.png,444.txt
992.png,992.txt
3046.png,3046.txt
20301159_09.jpg,20301159_09.txt
21141009_20.jpg,21141009_20.txt
1561.png,1561.txt
1912.png,1912.txt
20201115_27.png,20201115_27.txt
20201210_33.jpg,20201210_33.txt
18101381_18.jpeg,18101381_18.txt
1003.png,1003.txt
1636.png,1636.txt
20101498_17.png,20101498_17.txt
1471.png,1471.txt
21101243_11.jpg,21101243_11.txt
20301414_10.png,20301414_10.txt
43.png,43.txt
20201115_28.png,20201115_28.txt
325.png,325.txt
22101861_21.jpg,22101861_21.txt
20301414_15.png,20301414_15.txt
76.png,76.txt
563.png,563.txt
20301343_03.jpg,20301343_03.txt
21101243_16.jpg,21101243_16.txt
21101127_17.png,21101127_17.txt
3.png,3.txt
517.png,517.txt
2234.png,2234.txt
3108.png,3108.txt
2644.png,2644.txt
24141199_02.png,24141199_02.txt
20301368_03.jpeg,20301368_03.txt
1979.png,1979.txt
20101498_20.jpg,20101498_20.txt
668.png,668.txt
23241084_3.jpg,23241084_3.txt
3059.png,3059.txt
555.png,555.txt
21101312_54.jpg,21101312_54.txt
2659.png,2659.txt
2482.png,2482.txt
20301131_21.jpg,20301131_21.txt
2894.png,2894.txt
2601.png,2601.txt
20301414_24.png,20301414_24.txt
22101857_26.png,22101857_26.txt
20121051_12.png,20121051_12.txt
24141199_32.png,24141199_32.txt
20301403_15.jpg,20301403_15.txt
2505.png,2505.txt
21101312_22.png,21101312_22.txt
1803.png,1803.txt
23241108_28.jpg,23241108_28.txt
584.png,584.txt
1573.png,1573.txt
20301228_27.JPG,20301228_27.txt
1909.png,1909.txt
20121044_30.jpg,20121044_30.txt
20301228_09.JPG,20301228_09.txt
780.png,780.txt
20301228_67.png,20301228_67.txt
21101312_1.png,21101312_1.txt
679.png,679.txt
23241108_29.jpg,23241108_29.txt
1974.png,1974.txt
20301090_23.png,20301090_23.txt
2520.png,2520.txt
2362.png,2362.txt
19101192_30.jpg,19101192_30.txt
20321023_14.jpg,20321023_14.txt
20301414_22.png,20301414_22.txt
2163.png,2163.txt
20301294_20.jpg,20301294_20.txt
721.png,721.txt
2032.png,2032.txt
2113.png,2113.txt
20201210_32.jpg,20201210_32.txt
18101381_24.jpeg,18101381_24.txt
21101135_10.JPG,21101135_10.txt
20301114_21.jpg,20301114_21.txt
23241084_60.png,23241084_60.txt
20301368_21.jpg,20301368_21.txt
2547.png,2547.txt
20201086_10.png,20201086_10.txt
20101285_69.jpg,20101285_69.txt
21101312_49.jpg,21101312_49.txt
21101312_17.png,21101312_17.txt
1892.png,1892.txt
1820.png,1820.txt
2887.png,2887.txt
20121026_20.jpg,20121026_20.txt
452.png,452.txt
20321023_15.jpg,20321023_15.txt
21101243_05.jpg,21101243_05.txt
22101861_17.jpg,22101861_17.txt
578.png,578.txt
21301138_21.jpeg,21301138_21.txt
2484.png,2484.txt
2481.png,2481.txt
2172.png,2172.txt
2912.png,2912.txt
2552.png,2552.txt
750.png,750.txt
23241084_46.jpg,23241084_46.txt
20101285_65.jpg,20101285_65.txt
2401.png,2401.txt
20121026_17.jpg,20121026_17.txt
20121051_26.png,20121051_26.txt
21141009_21.jpg,21141009_21.txt
2373.png,2373.txt
20301114_20.jpg,20301114_20.txt
326.png,326.txt
20301228_37.png,20301228_37.txt
20301159_19.jpg,20301159_19.txt
2452.png,2452.txt
2036.png,2036.txt
1638.png,1638.txt
20301403_08.jpg,20301403_08.txt
20301114_30.jpg,20301114_30.txt
21101135_06.JPG,21101135_06.txt
20301228_66.png,20301228_66.txt
2060.png,2060.txt
21101312_45.jpg,21101312_45.txt
454.png,454.txt
20201020_57.jpg,20201020_57.txt
20201148_33.png,20201148_33.txt
18101381_26.jpeg,18101381_26.txt
19101192_8.jpg,19101192_8.txt
247.png,247.txt
22101857_29.png,22101857_29.txt
20101285_41.jpg,20101285_41.txt
278.png,278.txt
20121044_02.jpg,20121044_02.txt
20301003_20.png,20301003_20.txt
661.png,661.txt
966.png,966.txt
1809.png,1809.txt
20101285_19.png,20101285_19.txt
2624.png,2624.txt
20301228_52.png,20301228_52.txt
393.png,393.txt
2357.png,2357.txt
20301159_06.jpg,20301159_06.txt
21301138_27.jpeg,21301138_27.txt
22141027_18.png,22141027_18.txt
20201210_39.jpg,20201210_39.txt
20301368_14.jpg,20301368_14.txt
1459.png,1459.txt
20301003_04.png,20301003_04.txt
3099.png,3099.txt
20121044_13.jpg,20121044_13.txt
2556.png,2556.txt
20301368_17.jpg,20301368_17.txt
22141027_05.png,22141027_05.txt
23341101_12.jpg,23341101_12.txt
3009.png,3009.txt
3040.png,3040.txt
2990.png,2990.txt
1008.png,1008.txt
21101135_08.JPG,21101135_08.txt
20301228_07.JPG,20301228_07.txt
2328.png,2328.txt
1011.png,1011.txt
22101861_01.jpg,22101861_01.txt
24141199_03.png,24141199_03.txt
21101135_16.JPG,21101135_16.txt
2322.png,2322.txt
20301414_18.png,20301414_18.txt
495.png,495.txt
2959.png,2959.txt
21101127_02.png,21101127_02.txt
20301403_16.jpg,20301403_16.txt
2020.png,2020.txt
349.png,349.txt
20101498_06.png,20101498_06.txt
20301414_48.jpg,20301414_48.txt
20301403_24.jpg,20301403_24.txt
20301228_39.png,20301228_39.txt
20201086_22.png,20201086_22.txt
2161.png,2161.txt
24141199_57.png,24141199_57.txt
2628.png,2628.txt
20301228_55.png,20301228_55.txt
20301414_03.png,20301414_03.txt
20121011_15.jpg,20121011_15.txt
2865.png,2865.txt
21101312_28.png,21101312_28.txt
246.png,246.txt
1999.png,1999.txt
1024.png,1024.txt
21101282_06.jpg,21101282_06.txt
2672.png,2672.txt
1029.png,1029.txt
390.png,390.txt
2004.png,2004.txt
2528.png,2528.txt
2630.png,2630.txt
1913.png,1913.txt
2500.png,2500.txt
20201148_11.png,20201148_11.txt
722.png,722.txt
21101312_12.png,21101312_12.txt
2627.png,2627.txt
2504.png,2504.txt
504.png,504.txt
21141009_06.jpg,21141009_06.txt
1016.png,1016.txt
21301116_01.jpg,21301116_01.txt
21101312_34.png,21101312_34.txt
19101192_10.jpg,19101192_10.txt
3020.png,3020.txt
24141199_13.png,24141199_13.txt
2540.png,2540.txt
20101498_29.jpg,20101498_29.txt
20301343_19.jpg,20301343_19.txt
399.png,399.txt
1625.png,1625.txt
20201023_1.jpg,20201023_1.txt
18101381_15.jpeg,18101381_15.txt
19101192_22.jpg,19101192_22.txt
490.png,490.txt
21201775_23.png,21201775_23.txt
20201023_19.jpg,20201023_19.txt
21101312_57.jpg,21101312_57.txt
264.png,264.txt
17.png,17.txt
1028.png,1028.txt
2001.png,2001.txt
20121051_13.png,20121051_13.txt
2664.png,2664.txt
20301114_15.jpg,20301114_15.txt
20301090_21.png,20301090_21.txt
785.png,785.txt
23241113_13.jpg,23241113_13.txt
20121011_26.jpg,20121011_26.txt
20121051_28.png,20121051_28.txt
21101282_12.jpg,21101282_12.txt
729.png,729.txt
3089.png,3089.txt
2969.png,2969.txt
21101135_60.png,21101135_60.txt
2722.png,2722.txt
2558.png,2558.txt
2.png,2.txt
20321023_13.jpg,20321023_13.txt
1605.png,1605.txt
2349.png,2349.txt
1022.png,1022.txt
21101135_46.png,21101135_46.txt
20301159_23.jpg,20301159_23.txt
2445.png,2445.txt
321.png,321.txt
643.png,643.txt
790.png,790.txt
21301138_17.jpeg,21301138_17.txt
19101192_20.jpg,19101192_20.txt
23241084_41.png,23241084_41.txt
20121051_05.png,20121051_05.txt
20201148_31.png,20201148_31.txt
21101312_29.png,21101312_29.txt
3008.png,3008.txt
1579.png,1579.txt
20121011_08.jpg,20121011_08.txt
2507.png,2507.txt
21101312_11.png,21101312_11.txt
20301266_01.jpg,20301266_01.txt
20121051_10.png,20121051_10.txt
20101285_55.jpg,20101285_55.txt
2355.png,2355.txt
2052.png,2052.txt
20201023_3.jpg,20201023_3.txt
21101135_57.png,21101135_57.txt
1834.png,1834.txt
20301159_26.jpg,20301159_26.txt
672.png,672.txt
22141027_30.png,22141027_30.txt
20301403_25.jpg,20301403_25.txt
20201210_07.jpg,20201210_07.txt
21201775_04.png,21201775_04.txt
20301114_12.jpg,20301114_12.txt
20301003_22.png,20301003_22.txt
20301414_23.png,20301414_23.txt
20201210_22.jpg,20201210_22.txt
20301159_17.jpg,20301159_17.txt
996.png,996.txt
1584.png,1584.txt
20121044_09.jpg,20121044_09.txt
24141199_55.png,24141199_55.txt
20301343_16.jpg,20301343_16.txt
1456.png,1456.txt
20301266_17.jpg,20301266_17.txt
1626.png,1626.txt
3112.png,3112.txt
20301414_59.jpg,20301414_59.txt
23241113_08.jpg,23241113_08.txt
2645.png,2645.txt
3107.png,3107.txt
2640.png,2640.txt
2535.png,2535.txt
1616.png,1616.txt
21101135_62.png,21101135_62.txt
4417.png,4417.txt
1023.png,1023.txt
1627.png,1627.txt
21301019_22.jpg,21301019_22.txt
542.png,542.txt
442.png,442.txt
502.png,502.txt
23241113_29.jpg,23241113_29.txt
20301403_14.jpg,20301403_14.txt
792.png,792.txt
23241084_53.png,23241084_53.txt
2515.png,2515.txt
20301266_21.jpg,20301266_21.txt
445.png,445.txt
2035.png,2035.txt
23241084_62.png,23241084_62.txt
245.png,245.txt
2852.png,2852.txt
ID_37.jpg,ID_37.txt
2647.png,2647.txt
20201210_10.jpg,20201210_10.txt
1452.png,1452.txt
2031.png,2031.txt
250.png,250.txt
19101192_12.jpg,19101192_12.txt
2927.png,2927.txt
2183.png,2183.txt
21201175_17.png,21201175_17.txt
20301228_36.png,20301228_36.txt
1039.png,1039.txt
20301228_26.JPG,20301228_26.txt
20121044_03.jpg,20121044_03.txt
21201775_27.png,21201775_27.txt
20201210_37.jpg,20201210_37.txt
528.png,528.txt
2705.png,2705.txt
20201023_12.jpg,20201023_12.txt
2094.png,2094.txt
20301090_10.png,20301090_10.txt
20201023_13.jpg,20201023_13.txt
2906.png,2906.txt
1590.png,1590.txt
2706.png,2706.txt
20301414_11.png,20301414_11.txt
3041.png,3041.txt
21101127_19.png,21101127_19.txt
795.png,795.txt
21201175_13.png,21201175_13.txt
20201148_30.png,20201148_30.txt
977.png,977.txt
269.png,269.txt
1035.png,1035.txt
743.png,743.txt
24141199_31.png,24141199_31.txt
20101285_05.png,20101285_05.txt
2150.png,2150.txt
23241084_44.jpg,23241084_44.txt
21101135_65.png,21101135_65.txt
20301090_26.png,20301090_26.txt
2114.png,2114.txt
465.png,465.txt
22101857_7.png,22101857_7.txt
2971.png,2971.txt
20301414_34.png,20301414_34.txt
20301131_29.jpg,20301131_29.txt
20121051_17.png,20121051_17.txt
23241084_19.jpg,23241084_19.txt
24141199_07.png,24141199_07.txt
22101861_23.jpg,22101861_23.txt
20301294_12.jpg,20301294_12.txt
1018.png,1018.txt
21101135_55.png,21101135_55.txt
258.png,258.txt
2238.png,2238.txt
1992.png,1992.txt
1821.png,1821.txt
19101192_25.jpg,19101192_25.txt
1567.png,1567.txt
20301228_41.png,20301228_41.txt
20201148_09.png,20201148_09.txt
1915.png,1915.txt
20301343_20.jpg,20301343_20.txt
20301228_21.JPG,20301228_21.txt
21301027_23.jpg,21301027_23.txt
2613.png,2613.txt
39.png,39.txt
24141199_01.png,24141199_01.txt
2061.png,2061.txt
2122.png,2122.txt
20301114_17.jpg,20301114_17.txt
2983.png,2983.txt
4437.png,4437.txt
20301159_29.jpg,20301159_29.txt
30.png,30.txt
20301228_63.png,20301228_63.txt
380.png,380.txt
21201775_18.png,21201775_18.txt
20201115_15.png,20201115_15.txt
21141009_11.jpg,21141009_11.txt
20301131_30.jpg,20301131_30.txt
2694.png,2694.txt
20301131_16.jpg,20301131_16.txt
21301027_22.jpg,21301027_22.txt
2197.png,2197.txt
20121011_09.jpg,20121011_09.txt
989.png,989.txt
20301266_20.jpg,20301266_20.txt
3110.png,3110.txt
21301589_11.png,21301589_11.txt
20301159_02.jpg,20301159_02.txt
23341101_11.jpg,23341101_11.txt
2512.png,2512.txt
2989.png,2989.txt
20121011_23.jpg,20121011_23.txt
580.png,580.txt
21101312_26.png,21101312_26.txt
2978.png,2978.txt
2374.png,2374.txt
1513.png,1513.txt
20101498_24.jpg,20101498_24.txt
2696.png,2696.txt
829.png,829.txt
1586.png,1586.txt
20301003_23.png,20301003_23.txt
2010.png,2010.txt
2605.png,2605.txt
20201115_06.png,20201115_06.txt
540.png,540.txt
20301266_22.jpeg,20301266_22.txt
21101243_04.jpg,21101243_04.txt
20321023_11.jpg,20321023_11.txt
2497.png,2497.txt
20201148_10.png,20201148_10.txt
20301228_10.JPG,20301228_10.txt
2502.png,2502.txt
2860.png,2860.txt
2101.png,2101.txt
2615.png,2615.txt
27.png,27.txt
1825.png,1825.txt
20201148_25.png,20201148_25.txt
21101282_09.jpg,21101282_09.txt
472.png,472.txt
20301414_56.jpg,20301414_56.txt
33.png,33.txt
23241084_23.png,23241084_23.txt
525.png,525.txt
18101381_11.jpeg,18101381_11.txt
21101243_15.jpg,21101243_15.txt
503.png,503.txt
21101282_03.jpg,21101282_03.txt
20301090_04.png,20301090_04.txt
21101243_03.jpg,21101243_03.txt
1995.png,1995.txt
2715.png,2715.txt
2864.png,2864.txt
2457.png,2457.txt
21301589_24.png,21301589_24.txt
776.png,776.txt
579.png,579.txt
2400.png,2400.txt
20301414_67.jpg,20301414_67.txt
2089.png,2089.txt
20301414_65.jpg,20301414_65.txt
1833.png,1833.txt
20201115_14.png,20201115_14.txt
20201210_29.jpg,20201210_29.txt
2631.png,2631.txt
21101243_13.jpg,21101243_13.txt
1988.png,1988.txt
23241108_14.jpg,23241108_14.txt
20121044_14.jpg,20121044_14.txt
ID_24.jpg,ID_24.txt
583.png,583.txt
275.png,275.txt
21101282_26.jpg,21101282_26.txt
1520.png,1520.txt
820.png,820.txt
21301138_19.jpeg,21301138_19.txt
781.png,781.txt
24141199_60.png,24141199_60.txt
2914.png,2914.txt
22101857_19.png,22101857_19.txt
21301589_01.png,21301589_01.txt
19121070_20.jpg,19121070_20.txt
2676.png,2676.txt
21201775_09.png,21201775_09.txt
20201023_6.jpg,20201023_6.txt
20201086_04.png,20201086_04.txt
1499.png,1499.txt
ID_40.jpg,ID_40.txt
19121070_09.jpg,19121070_09.txt
20321023_27.jpg,20321023_27.txt
4421.png,4421.txt
20121066_23.jpg,20121066_23.txt
20121026_06.jpg,20121026_06.txt
1510.png,1510.txt
2950.png,2950.txt
2325.png,2325.txt
373.png,373.txt
1012.png,1012.txt
2861.png,2861.txt
21141009_04.jpg,21141009_04.txt
2977.png,2977.txt
821.png,821.txt
20301343_17.jpg,20301343_17.txt
4408.png,4408.txt
1622.png,1622.txt
3048.png,3048.txt
20301131_1.jpg,20301131_1.txt
2619.png,2619.txt
19101192_21.jpg,19101192_21.txt
2651.png,2651.txt
2468.png,2468.txt
20301003_07.png,20301003_07.txt
20201023_10.jpg,20201023_10.txt
978.png,978.txt
3006.png,3006.txt
3019.png,3019.txt
2211.png,2211.txt
21301589_13.png,21301589_13.txt
549.png,549.txt
396.png,396.txt
20301228_53.png,20301228_53.txt
1592.png,1592.txt
2130.png,2130.txt
381.png,381.txt
2616.png,2616.txt
61.png,61.txt
21301019_12.jpg,21301019_12.txt
2028.png,2028.txt
22101861_06.jpg,22101861_06.txt
20101285_31.png,20101285_31.txt
2883.png,2883.txt
3012.png,3012.txt
3117.png,3117.txt
488.png,488.txt
24141199_45.png,24141199_45.txt
20201086_18.png,20201086_18.txt
20301228_22.JPG,20301228_22.txt
ID_39.jpg,ID_39.txt
804.png,804.txt
21101312_63.jpg,21101312_63.txt
24141199_09.png,24141199_09.txt
336.png,336.txt
21101127_03.png,21101127_03.txt
2205.png,2205.txt
ID_09.jpg,ID_09.txt
20301368_25.jpeg,20301368_25.txt
2227.png,2227.txt
20101498_09.png,20101498_09.txt
3078.png,3078.txt
20121051_29.png,20121051_29.txt
20121044_22.jpg,20121044_22.txt
21201175_30.png,21201175_30.txt
21101135_30.JPG,21101135_30.txt
1983.png,1983.txt
22101861_12.jpg,22101861_12.txt
21301138_06.jpeg,21301138_06.txt
395.png,395.txt
2447.png,2447.txt
20301090_16.png,20301090_16.txt
20201020_62.jpg,20201020_62.txt
20301414_14.png,20301414_14.txt
18101381_19.jpeg,18101381_19.txt
20301414_17.png,20301414_17.txt
1996.png,1996.txt
2917.png,2917.txt
2470.png,2470.txt
1.png,1.txt
1897.png,1897.txt
510.png,510.txt
3082.png,3082.txt
538.png,538.txt
20301131_6.jpg,20301131_6.txt
21101135_19.JPG,21101135_19.txt
21101312_58.jpg,21101312_58.txt
400.png,400.txt
560.png,560.txt
2050.png,2050.txt
755.png,755.txt
20101285_51.jpg,20101285_51.txt
2012.png,2012.txt
20301414_20.png,20301414_20.txt
736.png,736.txt
2604.png,2604.txt
2961.png,2961.txt
20301266_15.jpg,20301266_15.txt
20101285_21.png,20101285_21.txt
2952.png,2952.txt
2072.png,2072.txt
1447.png,1447.txt
20121066_10.jpg,20121066_10.txt
2649.png,2649.txt
21201175_18.png,21201175_18.txt
20301343_28.jpg,20301343_28.txt
20201210_06.jpg,20201210_06.txt
21101135_07.JPG,21101135_07.txt
644.png,644.txt
338.png,338.txt
2650.png,2650.txt
20301090_07.png,20301090_07.txt
21101312_3.png,21101312_3.txt
20301294_01.jpg,20301294_01.txt
20101285_36.png,20101285_36.txt
391.png,391.txt
23241108_22.jpg,23241108_22.txt
2680.png,2680.txt
1481.png,1481.txt
1578.png,1578.txt
789.png,789.txt
2124.png,2124.txt
21101135_45.png,21101135_45.txt
2378.png,2378.txt
20301131_25.jpg,20301131_25.txt
22141027_29.png,22141027_29.txt
21101127_12.png,21101127_12.txt
20121066_08.jpg,20121066_08.txt
1443.png,1443.txt
18101381_23.jpeg,18101381_23.txt
20301414_40.png,20301414_40.txt
2055.png,2055.txt
20301414_49.jpg,20301414_49.txt
1911.png,1911.txt
2345.png,2345.txt
21101243_09.jpg,21101243_09.txt
21301027_11.jpg,21301027_11.txt
21301116_21.jpg,21301116_21.txt
21301589_20.png,21301589_20.txt
1474.png,1474.txt
2156.png,2156.txt
593.png,593.txt
21101135_39.png,21101135_39.txt
2495.png,2495.txt
1583.png,1583.txt
20201210_15.jpg,20201210_15.txt
2848.png,2848.txt
1883.png,1883.txt
2352.png,2352.txt
506.png,506.txt
20201020_50.jpg,20201020_50.txt
23241084_50.jpg,23241084_50.txt
1442.png,1442.txt
647.png,647.txt
21301589_06.png,21301589_06.txt
21301027_28.jpg,21301027_28.txt
758.png,758.txt
24141199_27.png,24141199_27.txt
20201210_23.jpg,20201210_23.txt
22141027_20.png,22141027_20.txt
20301228_62.png,20301228_62.txt
23341101_26.jpg,23341101_26.txt
21201175_02.png,21201175_02.txt
1881.png,1881.txt
558.png,558.txt
23341101_18.jpg,23341101_18.txt
20121051_11.png,20121051_11.txt
1504.png,1504.txt
23241084_40.png,23241084_40.txt
2024.png,2024.txt
2646.png,2646.txt
2928.png,2928.txt
21301019_21.jpg,21301019_21.txt
20301090_06.png,20301090_06.txt
21101282_11.jpg,21101282_11.txt
2932.png,2932.txt
23241084_49.png,23241084_49.txt
2972.png,2972.txt
482.png,482.txt
20101285_12.png,20101285_12.txt
2609.png,2609.txt
383.png,383.txt
2648.png,2648.txt
2180.png,2180.txt
507.png,507.txt
2451.png,2451.txt
20121026_03.jpg,20121026_03.txt
20121044_07.jpg,20121044_07.txt
1827.png,1827.txt
23241113_03.jpg,23241113_03.txt
21101312_53.jpg,21101312_53.txt
537.png,537.txt
3045.png,3045.txt
384.png,384.txt
2174.png,2174.txt
54.png,54.txt
271.png,271.txt
20301228_14.JPG,20301228_14.txt
20201086_30.png,20201086_30.txt
21201775_06.png,21201775_06.txt
554.png,554.txt
22101857_15.png,22101857_15.txt
2397.png,2397.txt
4418.png,4418.txt
20301414_30.png,20301414_30.txt
1633.png,1633.txt
1476.png,1476.txt
23241113_32.jpg,23241113_32.txt
21301589_23.png,21301589_23.txt
807.png,807.txt
24141199_59.png,24141199_59.txt
2217.png,2217.txt
483.png,483.txt
20201210_30.jpg,20201210_30.txt
ID_10.jpg,ID_10.txt
ID_23.jpg,ID_23.txt
4410.png,4410.txt
20101285_26.png,20101285_26.txt
20301414_37.png,20301414_37.txt
21101312_20.png,21101312_20.txt
1607.png,1607.txt
526.png,526.txt
3106.png,3106.txt
20101498_10.png,20101498_10.txt
2346.png,2346.txt
20201023_14.jpg,20201023_14.txt
20301343_07.jpg,20301343_07.txt
21.png,21.txt
20301003_15.png,20301003_15.txt
20201023_21.jpg,20201023_21.txt
21141009_08.jpg,21141009_08.txt
23341101_25.jpg,23341101_25.txt
20101285_06.png,20101285_06.txt
3023.png,3023.txt
20301228_03.JPG,20301228_03.txt
513.png,513.txt
2014.png,2014.txt
2532.png,2532.txt
20201020_52.jpg,20201020_52.txt
1830.png,1830.txt
2940.png,2940.txt
ID_14.jpg,ID_14.txt
2997.png,2997.txt
22101857_25.png,22101857_25.txt
2189.png,2189.txt
20301266_08.jpg,20301266_08.txt
22141027_17.png,22141027_17.txt
2204.png,2204.txt
2660.png,2660.txt
20101498_04.png,20101498_04.txt
21201175_29.png,21201175_29.txt
20321023_22.jpg,20321023_22.txt
21301019_04.jpg,21301019_04.txt
21141009_12.jpg,21141009_12.txt
20201115_26.png,20201115_26.txt
2678.png,2678.txt
20301228_25.JPG,20301228_25.txt
20201020_53.jpg,20201020_53.txt
22101861_20.jpg,22101861_20.txt
2185.png,2185.txt
2857.png,2857.txt
3093.png,3093.txt
3079.png,3079.txt
2073.png,2073.txt
243.png,243.txt
74.png,74.txt
657.png,657.txt
352.png,352.txt
2634.png,2634.txt
20301294_23.jpg,20301294_23.txt
961.png,961.txt
3004.png,3004.txt
21101127_08.png,21101127_08.txt
2043.png,2043.txt
832.png,832.txt
2471.png,2471.txt
21101127_18.png,21101127_18.txt
20301343_24.jpg,20301343_24.txt
22101857_28.png,22101857_28.txt
21301589_19.png,21301589_19.txt
330.png,330.txt
1515.png,1515.txt
1971.png,1971.txt
2479.png,2479.txt
267.png,267.txt
2394.png,2394.txt
20101498_15.png,20101498_15.txt
20121026_07.jpg,20121026_07.txt
552.png,552.txt
2037.png,2037.txt
22141027_03.png,22141027_03.txt
779.png,779.txt
20121044_25.jpg,20121044_25.txt
20121011_13.jpg,20121011_13.txt
23241108_19.jpg,23241108_19.txt
20201210_38.jpg,20201210_38.txt
21101127_04.png,21101127_04.txt
2118.png,2118.txt
2097.png,2097.txt
21101135_15.jpg,21101135_15.txt
3070.png,3070.txt
1027.png,1027.txt
23241113_21.jpg,23241113_21.txt
20101498_16.png,20101498_16.txt
20301228_65.png,20301228_65.txt
2516.png,2516.txt
2027.png,2027.txt
21301116_04.jpg,21301116_04.txt
21141009_18.jpg,21141009_18.txt
1802.png,1802.txt
2623.png,2623.txt
20201148_02.png,20201148_02.txt
23241113_25.jpg,23241113_25.txt
3105.png,3105.txt
1826.png,1826.txt
20121026_26.jpg,20121026_26.txt
2708.png,2708.txt
794.png,794.txt
24141199_52.png,24141199_52.txt
20301228_32.png,20301228_32.txt
20301343_15.jpg,20301343_15.txt
21101135_27.JPG,21101135_27.txt
20301414_36.png,20301414_36.txt
ID_25.jpg,ID_25.txt
2462.png,2462.txt
20101285_57.jpg,20101285_57.txt
1460.png,1460.txt
22101861_04.jpg,22101861_04.txt
22101861_16.jpg,22101861_16.txt
1807.png,1807.txt
2092.png,2092.txt
21101282_30.jpg,21101282_30.txt
21101127_23.png,21101127_23.txt
3056.png,3056.txt
2209.png,2209.txt
253.png,253.txt
2213.png,2213.txt
23241108_08.jpg,23241108_08.txt
1019.png,1019.txt
642.png,642.txt
2379.png,2379.txt
2334.png,2334.txt
1615.png,1615.txt
23241113_26.jpg,23241113_26.txt
449.png,449.txt
375.png,375.txt
21101135_31.png,21101135_31.txt
765.png,765.txt
1503.png,1503.txt
78.png,78.txt
1475.png,1475.txt
2201.png,2201.txt
20101285_13.png,20101285_13.txt
2666.png,2666.txt
1478.png,1478.txt
2391.png,2391.txt
20201210_13.jpg,20201210_13.txt
21201175_23.png,21201175_23.txt
21301138_10.jpeg,21301138_10.txt
1965.png,1965.txt
566.png,566.txt
20301228_06.JPG,20301228_06.txt
333.png,333.txt
1899.png,1899.txt
21101243_19.jpg,21101243_19.txt
501.png,501.txt
46.png,46.txt
21101282_15.jpg,21101282_15.txt
20301114_6.jpg,20301114_6.txt
475.png,475.txt
20301266_02.jpg,20301266_02.txt
3050.png,3050.txt
19101192_15.jpg,19101192_15.txt
1980.png,1980.txt
47.png,47.txt
26.png,26.txt
1508.png,1508.txt
20301368_29.jpg,20301368_29.txt
2144.png,2144.txt
1623.png,1623.txt
21301116_28.jpg,21301116_28.txt
2120.png,2120.txt
20121026_21.jpg,20121026_21.txt
23241108_23.jpg,23241108_23.txt
23241113_12.jpg,23241113_12.txt
2013.png,2013.txt
21101127_11.png,21101127_11.txt
1516.png,1516.txt
20101285_37.png,20101285_37.txt
675.png,675.txt
1454.png,1454.txt
20301159_11.jpg,20301159_11.txt
22141027_15.png,22141027_15.txt
754.png,754.txt
1446.png,1446.txt
249.png,249.txt
2667.png,2667.txt
21101243_32.jpg,21101243_32.txt
1969.png,1969.txt
1468.png,1468.txt
2915.png,2915.txt
1480.png,1480.txt
2018.png,2018.txt
ID_22.jpg,ID_22.txt
2842.png,2842.txt
3101.png,3101.txt
21301027_06.jpg,21301027_06.txt
1606.png,1606.txt
3047.png,3047.txt
801.png,801.txt
20301131_3.jpg,20301131_3.txt
962.png,962.txt
1493.png,1493.txt
596.png,596.txt
2513.png,2513.txt
1511.png,1511.txt
2030.png,2030.txt
20301414_02.png,20301414_02.txt
ID_20.jpg,ID_20.txt
362.png,362.txt
20101285_07.png,20101285_07.txt
2079.png,2079.txt
1610.png,1610.txt
21101312_14.png,21101312_14.txt
2137.png,2137.txt
20301294_9.jpg,20301294_9.txt
1901.png,1901.txt
486.png,486.txt
824.png,824.txt
20201210_27.jpg,20201210_27.txt
20301343_29.jpg,20301343_29.txt
328.png,328.txt
24141199_39.png,24141199_39.txt
23241084_11.jpg,23241084_11.txt
1601.png,1601.txt
20201086_14.png,20201086_14.txt
2054.png,2054.txt
2537.png,2537.txt
24141199_16.png,24141199_16.txt
738.png,738.txt
2662.png,2662.txt
20201086_11.png,20201086_11.txt
2654.png,2654.txt
2856.png,2856.txt
20301368_27.jpg,20301368_27.txt
20301090_14.png,20301090_14.txt
2107.png,2107.txt
2653.png,2653.txt
19121070_26.jpg,19121070_26.txt
20301003_13.png,20301003_13.txt
1517.png,1517.txt
24141199_68.png,24141199_68.txt
21201175_05.png,21201175_05.txt
344.png,344.txt
2223.png,2223.txt
21101135_50.png,21101135_50.txt
20301414_09.png,20301414_09.txt
21301589_29.png,21301589_29.txt
21101243_21.jpg,21101243_21.txt
1624.png,1624.txt
23341101_09.jpg,23341101_09.txt
2874.png,2874.txt
2171.png,2171.txt
993.png,993.txt
20301294_18.jpg,20301294_18.txt
2365.png,2365.txt
576.png,576.txt
22141027_21.png,22141027_21.txt
21201775_22.png,21201775_22.txt
21101243_22.jpg,21101243_22.txt
20101285_30.png,20101285_30.txt
23241084_67.png,23241084_67.txt
19121070_35.jpg,19121070_35.txt
734.png,734.txt
1817.png,1817.txt
1640.png,1640.txt
20121026_05.jpg,20121026_05.txt
1985.png,1985.txt
985.png,985.txt
3043.png,3043.txt
19121070_30.jpg,19121070_30.txt
800.png,800.txt
1814.png,1814.txt
1886.png,1886.txt
3053.png,3053.txt
21301019_17.jpg,21301019_17.txt
20301414_51.jpg,20301414_51.txt
3094.png,3094.txt
21101127_29.png,21101127_29.txt
21101282_28.jpg,21101282_28.txt
753.png,753.txt
23241084_56.jpg,23241084_56.txt
20201148_05.png,20201148_05.txt
20201023_2.jpg,20201023_2.txt
23241084_38.jpg,23241084_38.txt
573.png,573.txt
655.png,655.txt
3003.png,3003.txt
2542.png,2542.txt
1635.png,1635.txt
825.png,825.txt
2398.png,2398.txt
20301114_2.jpg,20301114_2.txt
21101135_35.png,21101135_35.txt
497.png,497.txt
20321023_10.jpg,20321023_10.txt
19101192_27.jpg,19101192_27.txt
322.png,322.txt
2192.png,2192.txt
21201175_15.png,21201175_15.txt
2900.png,2900.txt
2897.png,2897.txt
20121011_04.jpg,20121011_04.txt
20201115_13.png,20201115_13.txt
21301138_02.jpeg,21301138_02.txt
20301090_02.png,20301090_02.txt
3038.png,3038.txt
680.png,680.txt
21301027_26.jpg,21301027_26.txt
21141009_16.jpg,21141009_16.txt
2629.png,2629.txt
20301228_17.JPG,20301228_17.txt
646.png,646.txt
18101381_01.jpeg,18101381_01.txt
20201086_08.png,20201086_08.txt
20301403_26.jpg,20301403_26.txt
21301138_20.jpeg,21301138_20.txt
23241084_6.png,23241084_6.txt
20301159_12.jpg,20301159_12.txt
21301116_05.jpg,21301116_05.txt
2916.png,2916.txt
20201086_03.png,20201086_03.txt
2233.png,2233.txt
4431.png,4431.txt
20201148_08.png,20201148_08.txt
656.png,656.txt
20201086_28.png,20201086_28.txt
19101192_4.jpg,19101192_4.txt
20301368_18.jpg,20301368_18.txt
2622.png,2622.txt
2077.png,2077.txt
21101127_05.png,21101127_05.txt
20121066_09.jpg,20121066_09.txt
3002.png,3002.txt
2968.png,2968.txt
21301589_07.png,21301589_07.txt
2610.png,2610.txt
20101498_23.jpg,20101498_23.txt
2896.png,2896.txt
357.png,357.txt
2919.png,2919.txt
1484.png,1484.txt
1015.png,1015.txt
2632.png,2632.txt
469.png,469.txt
261.png,261.txt
2611.png,2611.txt
21201775_24.png,21201775_24.txt
973.png,973.txt
22141027_19.png,22141027_19.txt
2519.png,2519.txt
21301116_03.jpg,21301116_03.txt
20301266_11.jpg,20301266_11.txt
20301228_42.png,20301228_42.txt
2218.png,2218.txt
20201020_68.png,20201020_68.txt
20101285_54.jpg,20101285_54.txt
2544.png,2544.txt
2669.png,2669.txt
569.png,569.txt
838.png,838.txt
2553.png,2553.txt
2658.png,2658.txt
24141199_04.png,24141199_04.txt
481.png,481.txt
25.png,25.txt
4435.png,4435.txt
533.png,533.txt
21301589_10.png,21301589_10.txt
19121070_05.jpg,19121070_05.txt
982.png,982.txt
20201210_36.jpg,20201210_36.txt
23241084_59.png,23241084_59.txt
2922.png,2922.txt
20101285_16.png,20101285_16.txt
20121026_16.jpg,20121026_16.txt
595.png,595.txt
262.png,262.txt
6.png,6.txt
1619.png,1619.txt
20301403_20.jpg,20301403_20.txt
20301266_16.jpg,20301266_16.txt
2891.png,2891.txt
2695.png,2695.txt
541.png,541.txt
23241084_17.jpg,23241084_17.txt
18101381_30.jpeg,18101381_30.txt
568.png,568.txt
20121011_02.jpg,20121011_02.txt
2841.png,2841.txt
2953.png,2953.txt
23241084_5.jpg,23241084_5.txt
659.png,659.txt
20301003_19.png,20301003_19.txt
22101857_6.png,22101857_6.txt
559.png,559.txt
22141027_01.png,22141027_01.txt
1840.png,1840.txt
20301228_11.JPG,20301228_11.txt
20301159_24.jpg,20301159_24.txt
1598.png,1598.txt
802.png,802.txt
964.png,964.txt
21301027_29.jpg,21301027_29.txt
2996.png,2996.txt
22101857_10.png,22101857_10.txt
24141199_44.png,24141199_44.txt
19101192_6.jpg,19101192_6.txt
2132.png,2132.txt
2851.png,2851.txt
2854.png,2854.txt
21101243_27.jpg,21101243_27.txt
651.png,651.txt
20301414_16.png,20301414_16.txt
19121070_24.jpg,19121070_24.txt
1448.png,1448.txt
20301294_08.jpg,20301294_08.txt
2121.png,2121.txt
1835.png,1835.txt
378.png,378.txt
21301019_07.jpg,21301019_07.txt
22141027_11.png,22141027_11.txt
24141199_38.png,24141199_38.txt
3104.png,3104.txt
21101135_56.png,21101135_56.txt
20301228_01.JPG,20301228_01.txt
23241108_20.jpg,23241108_20.txt
19121070_01.jpg,19121070_01.txt
23241108_24.jpg,23241108_24.txt
2606.png,2606.txt
21101312_25.png,21101312_25.txt
22141027_10.png,22141027_10.txt
787.png,787.txt
2688.png,2688.txt
20301266_13.jpg,20301266_13.txt
574.png,574.txt
20121026_02.jpg,20121026_02.txt
3033.png,3033.txt
20121011_22.jpg,20121011_22.txt
976.png,976.txt
20201115_04.png,20201115_04.txt
20201210_14.jpg,20201210_14.txt
817.png,817.txt
21201175_06.png,21201175_06.txt
19121070_16.jpg,19121070_16.txt
20301159_14.jpg,20301159_14.txt
20301131_24.jpg,20301131_24.txt
4405.png,4405.txt
21101312_10.png,21101312_10.txt
1990.png,1990.txt
21101135_17.JPG,21101135_17.txt
645.png,645.txt
1918.png,1918.txt
496.png,496.txt
22101857_27.png,22101857_27.txt
23241084_39.jpg,23241084_39.txt
23241084_45.png,23241084_45.txt
19101192_18.jpg,19101192_18.txt
20321023_07.jpg,20321023_07.txt
20121066_12.jpg,20121066_12.txt
20121044_11.jpg,20121044_11.txt
20121026_14.jpg,20121026_14.txt
22101861_07.jpg,22101861_07.txt
2872.png,2872.txt
1836.png,1836.txt
20101498_26.jpg,20101498_26.txt
23241113_14.jpg,23241113_14.txt
2208.png,2208.txt
2152.png,2152.txt
20321023_24.jpg,20321023_24.txt
21101312_69.jpg,21101312_69.txt
732.png,732.txt
21101243_31.jpg,21101243_31.txt
2009.png,2009.txt
21301116_08.jpg,21301116_08.txt
512.png,512.txt
20121011_25.jpg,20121011_25.txt
2483.png,2483.txt
22141027_12.png,22141027_12.txt
22101861_13.jpg,22101861_13.txt
3032.png,3032.txt
20301414_64.jpg,20301414_64.txt
21301589_18.png,21301589_18.txt
20301228_38.png,20301228_38.txt
1816.png,1816.txt
20121066_15.jpg,20121066_15.txt
ID_19.jpg,ID_19.txt
520.png,520.txt
20301403_12.jpg,20301403_12.txt
19101192_28.jpg,19101192_28.txt
20201023_18.jpg,20201023_18.txt
22101861_29.jpg,22101861_29.txt
21101135_23.JPG,21101135_23.txt
20121066_22.jpg,20121066_22.txt
21101312_56.jpg,21101312_56.txt
773.png,773.txt
20301114_7.jpg,20301114_7.txt
2985.png,2985.txt
2448.png,2448.txt
24141199_36.png,24141199_36.txt
20321023_05.jpg,20321023_05.txt
21141009_05.jpeg,21141009_05.txt
988.png,988.txt
764.png,764.txt
1887.png,1887.txt
20121026_11.jpg,20121026_11.txt
2643.png,2643.txt
1032.png,1032.txt
2603.png,2603.txt
2890.png,2890.txt
363.png,363.txt
2453.png,2453.txt
1914.png,1914.txt
ID_15.jpg,ID_15.txt
1832.png,1832.txt
1505.png,1505.txt
21101282_02.jpg,21101282_02.txt
23241084_27.png,23241084_27.txt
2098.png,2098.txt
667.png,667.txt
ID_27.jpg,ID_27.txt
21201175_22.png,21201175_22.txt
2110.png,2110.txt
2533.png,2533.txt
48.png,48.txt
11.png,11.txt
20301368_02.jpeg,20301368_02.txt
21101135_67.png,21101135_67.txt
345.png,345.txt
2023.png,2023.txt
2115.png,2115.txt
22101861_22.jpg,22101861_22.txt
1568.png,1568.txt
1473.png,1473.txt
20121026_25.jpg,20121026_25.txt
21101135_61.png,21101135_61.txt
19121070_06.jpg,19121070_06.txt
2129.png,2129.txt
20301343_08.jpg,20301343_08.txt
21301138_31.jpeg,21301138_31.txt
60.png,60.txt
2321.png,2321.txt
1006.png,1006.txt
20201023_8.jpg,20201023_8.txt
19101192_17.jpg,19101192_17.txt
22101857_20.png,22101857_20.txt
2381.png,2381.txt
1811.png,1811.txt
2341.png,2341.txt
2207.png,2207.txt
20101285_25.png,20101285_25.txt
21201775_02.png,21201775_02.txt
20121051_25.png,20121051_25.txt
1574.png,1574.txt
20201086_13.png,20201086_13.txt
23241113_09.jpg,23241113_09.txt
24141199_37.png,24141199_37.txt
20321023_20.jpg,20321023_20.txt
2975.png,2975.txt
3013.png,3013.txt
20301343_06.jpg,20301343_06.txt
21201775_08.png,21201775_08.txt
20301414_50.jpg,20301414_50.txt
20301403_17.jpg,20301403_17.txt
20301159_04.jpg,20301159_04.txt
2360.png,2360.txt
2511.png,2511.txt
22141027_02.png,22141027_02.txt
19101192_01.jpg,19101192_01.txt
22101861_09.jpg,22101861_09.txt
20301114_1.jpg,20301114_1.txt
21141009_24.jpg,21141009_24.txt
2962.png,2962.txt
594.png,594.txt
775.png,775.txt
1010.png,1010.txt
2964.png,2964.txt
3037.png,3037.txt
2875.png,2875.txt
23341101_24.jpg,23341101_24.txt
2450.png,2450.txt
663.png,663.txt
23241084_34.jpg,23241084_34.txt
2075.png,2075.txt
20301131_17.jpg,20301131_17.txt
19101192_9.jpg,19101192_9.txt
21101312_59.jpg,21101312_59.txt
21301138_15.jpeg,21301138_15.txt
339.png,339.txt
23241113_01.jpg,23241113_01.txt
2490.png,2490.txt
23241084_21.png,23241084_21.txt
21201775_17.png,21201775_17.txt
1596.png,1596.txt
21301116_25.jpg,21301116_25.txt
2326.png,2326.txt
20301228_58.png,20301228_58.txt
20101285_10.png,20101285_10.txt
3111.png,3111.txt
1902.png,1902.txt
21301019_19.jpg,21301019_19.txt
2368.png,2368.txt
476.png,476.txt
21201775_12.png,21201775_12.txt
516.png,516.txt
32.png,32.txt
45.png,45.txt
22101857_9.png,22101857_9.txt
20101285_66.jpg,20101285_66.txt
818.png,818.txt
20301159_22.jpg,20301159_22.txt
4406.png,4406.txt
21101312_24.png,21101312_24.txt
2981.png,2981.txt
669.png,669.txt
19121070_13.jpg,19121070_13.txt
20121044_12.jpg,20121044_12.txt
19121070_14.jpg,19121070_14.txt
20301368_23.jpg,20301368_23.txt
20301414_01.png,20301414_01.txt
21101243_28.jpg,21101243_28.txt
567.png,567.txt
24141199_28.png,24141199_28.txt
21301027_14.jpg,21301027_14.txt
23241084_28.jpg,23241084_28.txt
2128.png,2128.txt
21101282_18.jpg,21101282_18.txt
21101282_29.jpg,21101282_29.txt
20201023_25.jpg,20201023_25.txt
365.png,365.txt
21301138_26.jpeg,21301138_26.txt
2446.png,2446.txt
2885.png,2885.txt
21301019_16.jpg,21301019_16.txt
20301343_11.jpg,20301343_11.txt
735.png,735.txt
803.png,803.txt
2182.png,2182.txt
20301228_35.png,20301228_35.txt
20101285_40.png,20101285_40.txt
20301159_13.jpg,20301159_13.txt
2510.png,2510.txt
58.png,58.txt
1037.png,1037.txt
812.png,812.txt
20201020_63.jpg,20201020_63.txt
4427.png,4427.txt
21101312_62.jpg,21101312_62.txt
2526.png,2526.txt
2656.png,2656.txt
2488.png,2488.txt
4426.png,4426.txt
20301114_10.jpg,20301114_10.txt
1994.png,1994.txt
1498.png,1498.txt
20121011_29.jpg,20121011_29.txt
20301294_26.jpg,20301294_26.txt
20301414_45.jpg,20301414_45.txt
343.png,343.txt
733.png,733.txt
4428.png,4428.txt
20201115_09.png,20201115_09.txt
2221.png,2221.txt
2895.png,2895.txt
20101285_27.png,20101285_27.txt
2702.png,2702.txt
23241108_12.jpg,23241108_12.txt
23341101_04.jpg,23341101_04.txt
819.png,819.txt
2358.png,2358.txt
20121011_27.jpg,20121011_27.txt
2372.png,2372.txt
1571.png,1571.txt
1818.png,1818.txt
2689.png,2689.txt
763.png,763.txt
20301114_19.jpg,20301114_19.txt
20301414_13.png,20301414_13.txt
20301131_7.jpg,20301131_7.txt
1519.png,1519.txt
21301589_03.png,21301589_03.txt
19101192_16.jpg,19101192_16.txt
21301589_08.png,21301589_08.txt
21101127_22.png,21101127_22.txt
1806.png,1806.txt
21201175_03.png,21201175_03.txt
1462.png,1462.txt
20301114_11.jpg,20301114_11.txt
20301228_64.png,20301228_64.txt
23241084_51.png,23241084_51.txt
2117.png,2117.txt
999.png,999.txt
1589.png,1589.txt
2869.png,2869.txt
1575.png,1575.txt
751.png,751.txt
20301131_9.jpg,20301131_9.txt
21301027_12.jpg,21301027_12.txt
991.png,991.txt
20321023_12.jpg,20321023_12.txt
725.png,725.txt
20301343_30.jpg,20301343_30.txt
2948.png,2948.txt
21301138_32.jpeg,21301138_32.txt
268.png,268.txt
1968.png,1968.txt
23241113_20.jpg,23241113_20.txt
21301027_10.jpg,21301027_10.txt
1632.png,1632.txt
2056.png,2056.txt
20321023_09.jpg,20321023_09.txt
20301131_27.jpg,20301131_27.txt
9.png,9.txt
7.png,7.txt
20201023_15.jpg,20201023_15.txt
2338.png,2338.txt
484.png,484.txt
21301589_04.png,21301589_04.txt
1984.png,1984.txt
21301019_15.jpg,21301019_15.txt
20201210_01.jpg,20201210_01.txt
20201210_19.jpg,20201210_19.txt
1989.png,1989.txt
3011.png,3011.txt
20301414_61.jpg,20301414_61.txt
20101285_56.jpg,20101285_56.txt
21301138_16.jpeg,21301138_16.txt
994.png,994.txt
1591.png,1591.txt
20301228_57.png,20301228_57.txt
ID_07.jpg,ID_07.txt
241.png,241.txt
22141027_14.png,22141027_14.txt
2458.png,2458.txt
10.png,10.txt
20201020_48.jpg,20201020_48.txt
21301027_15.jpg,21301027_15.txt
20201020_43.jpg,20201020_43.txt
ID_16.jpg,ID_16.txt
23241108_25.jpg,23241108_25.txt
2951.png,2951.txt
327.png,327.txt
534.png,534.txt
20301114_13.jpg,20301114_13.txt
20301266_03.jpg,20301266_03.txt
20301114_27.jpg,20301114_27.txt
3021.png,3021.txt
2713.png,2713.txt
21301116_11.jpg,21301116_11.txt
2103.png,2103.txt
2859.png,2859.txt
2491.png,2491.txt
21101135_13.JPG,21101135_13.txt
21301138_25.jpeg,21301138_25.txt
66.png,66.txt
2199.png,2199.txt
21101282_07.jpg,21101282_07.txt
20101285_02.png,20101285_02.txt
20121044_17.jpg,20121044_17.txt
2198.png,2198.txt
2621.png,2621.txt
342.png,342.txt
21301116_27.jpg,21301116_27.txt
2459.png,2459.txt
2636.png,2636.txt
21201175_11.png,21201175_11.txt
20201115_18.png,20201115_18.txt
1621.png,1621.txt
20301228_61.png,20301228_61.txt
20301228_18.JPG,20301228_18.txt
986.png,986.txt
3071.png,3071.txt
3005.png,3005.txt
37.png,37.txt
1001.png,1001.txt
2853.png,2853.txt
19121070_12.jpg,19121070_12.txt
2033.png,2033.txt
20201020_64.jpg,20201020_64.txt
20201115_25.png,20201115_25.txt
670.png,670.txt
20301368_28.jpg,20301368_28.txt
20101498_21.jpg,20101498_21.txt
21301138_04.jpeg,21301138_04.txt
20301228_15.JPG,20301228_15.txt
1898.png,1898.txt
3116.png,3116.txt
1906.png,1906.txt
2995.png,2995.txt
3000.png,3000.txt
22141027_16.png,22141027_16.txt
20301414_07.png,20301414_07.txt
674.png,674.txt
24141199_06.png,24141199_06.txt
22101857_14.png,22101857_14.txt
263.png,263.txt
2675.png,2675.txt
2639.png,2639.txt
2868.png,2868.txt
769.png,769.txt
20301414_32.png,20301414_32.txt
20121051_04.png,20121051_04.txt
20301228_49.png,20301228_49.txt
23241113_28.jpg,23241113_28.txt
20201023_5.jpg,20201023_5.txt
20301266_28.jpeg,20301266_28.txt
2399.png,2399.txt
21201775_28.png,21201775_28.txt
21101312_2.png,21101312_2.txt
21201175_14.png,21201175_14.txt
20201115_10.png,20201115_10.txt
18101381_21.jpeg,18101381_21.txt
2363.png,2363.txt
2949.png,2949.txt
20301403_11.jpg,20301403_11.txt
23341101_16.jpg,23341101_16.txt
451.png,451.txt
3018.png,3018.txt
740.png,740.txt
2541.png,2541.txt
22101857_16.png,22101857_16.txt
1893.png,1893.txt
20301294_30.jpg,20301294_30.txt
21101135_42.png,21101135_42.txt
2343.png,2343.txt
813.png,813.txt
3097.png,3097.txt
20301414_26.png,20301414_26.txt
41.png,41.txt
ID_33.jpg,ID_33.txt
975.png,975.txt
21101135_24.JPG,21101135_24.txt
20121044_16.jpg,20121044_16.txt
2167.png,2167.txt
3001.png,3001.txt
4416.png,4416.txt
21301138_07.jpeg,21301138_07.txt
20201210_03.jpg,20201210_03.txt
2081.png,2081.txt
671.png,671.txt
21301138_01.jpeg,21301138_01.txt
772.png,772.txt
20201210_34.jpg,20201210_34.txt
2444.png,2444.txt
2051.png,2051.txt
1613.png,1613.txt
21101312_61.jpg,21101312_61.txt
22141027_23.png,22141027_23.txt
2884.png,2884.txt
20121051_03.png,20121051_03.txt
21141009_27.jpg,21141009_27.txt
2064.png,2064.txt
2965.png,2965.txt
2085.png,2085.txt
21301027_04.jpg,21301027_04.txt
22101857_3.png,22101857_3.txt
53.png,53.txt
791.png,791.txt
1919.png,1919.txt
20201148_17.png,20201148_17.txt
980.png,980.txt
2082.png,2082.txt
23241113_22.jpg,23241113_22.txt
20301403_23.jpg,20301403_23.txt
2187.png,2187.txt
2155.png,2155.txt
23341101_08.jpg,23341101_08.txt
20301159_20.jpg,20301159_20.txt
21141009_15.jpg,21141009_15.txt
1905.png,1905.txt
18101381_05.jpeg,18101381_05.txt
2169.png,2169.txt
23341101_13.jpg,23341101_13.txt
2351.png,2351.txt
21101312_44.jpg,21101312_44.txt
21201775_05.png,21201775_05.txt
20101285_58.jpg,20101285_58.txt
2139.png,2139.txt
2489.png,2489.txt
2477.png,2477.txt
20201086_12.png,20201086_12.txt
21201175_25.png,21201175_25.txt
19121070_11.jpg,19121070_11.txt
2102.png,2102.txt
49.png,49.txt
443.png,443.txt
1612.png,1612.txt
21301138_13.jpeg,21301138_13.txt
676.png,676.txt
2126.png,2126.txt
1518.png,1518.txt
2222.png,2222.txt
23241108_21.jpg,23241108_21.txt
2979.png,2979.txt
1562.png,1562.txt
2498.png,2498.txt
20101285_50.jpg,20101285_50.txt
1608.png,1608.txt
1888.png,1888.txt
2711.png,2711.txt
1489.png,1489.txt
20121044_27.jpg,20121044_27.txt
21301589_12.png,21301589_12.txt
1614.png,1614.txt
23241084_7.jpg,23241084_7.txt
21301589_28.png,21301589_28.txt
2918.png,2918.txt
21201175_24.png,21201175_24.txt
2215.png,2215.txt
20201148_15.png,20201148_15.txt
22101861_10.jpg,22101861_10.txt
2200.png,2200.txt
22101857_13.png,22101857_13.txt
20121051_08.png,20121051_08.txt
24141199_21.png,24141199_21.txt
23241108_02.jpg,23241108_02.txt
20101285_68.jpg,20101285_68.txt
1917.png,1917.txt
2158.png,2158.txt
2844.png,2844.txt
455.png,455.txt
20201148_32.png,20201148_32.txt
485.png,485.txt
20301159_01.jpg,20301159_01.txt
1597.png,1597.txt
20301368_08.jpeg,20301368_08.txt
20301414_28.png,20301414_28.txt
20301414_54.jpg,20301414_54.txt
20101285_14.png,20101285_14.txt
20301228_28.JPG,20301228_28.txt
2141.png,2141.txt
665.png,665.txt
20301131_19.jpg,20301131_19.txt
21301116_06.jpg,21301116_06.txt
2090.png,2090.txt
20301414_68.jpg,20301414_68.txt
1961.png,1961.txt
397.png,397.txt
21301589_09.png,21301589_09.txt
21101243_18.jpg,21101243_18.txt
21201775_30.png,21201775_30.txt
1569.png,1569.txt
20201020_55.jpg,20201020_55.txt
20301228_44.png,20301228_44.txt
21301027_25.jpg,21301027_25.txt
489.png,489.txt
478.png,478.txt
23241108_07.jpg,23241108_07.txt
21301138_18.jpeg,21301138_18.txt
2718.png,2718.txt
8.png,8.txt
21101243_33.jpg,21101243_33.txt
20101285_24.png,20101285_24.txt
551.png,551.txt
2070.png,2070.txt
20121066_21.jpg,20121066_21.txt
20301414_35.png,20301414_35.txt
20301414_43.jpg,20301414_43.txt
21101312_23.png,21101312_23.txt
21101312_65.jpg,21101312_65.txt
368.png,368.txt
1634.png,1634.txt
21101282_13.jpg,21101282_13.txt
1565.png,1565.txt
731.png,731.txt
24141199_49.png,24141199_49.txt
23341101_05.jpg,23341101_05.txt
1987.png,1987.txt
21101312_27.png,21101312_27.txt
20101498_25.jpg,20101498_25.txt
2525.png,2525.txt
974.png,974.txt
473.png,473.txt
20301228_40.png,20301228_40.txt
20301414_39.png,20301414_39.txt
2366.png,2366.txt
20301159_07.jpg,20301159_07.txt
20201115_16.png,20201115_16.txt
18101381_07.jpeg,18101381_07.txt
2880.png,2880.txt
1976.png,1976.txt
21101135_47.png,21101135_47.txt
652.png,652.txt
20301266_07.jpg,20301266_07.txt
2911.png,2911.txt
20201115_05.png,20201115_05.txt
20101498_18.png,20101498_18.txt
2127.png,2127.txt
20121044_20.jpg,20121044_20.txt
805.png,805.txt
20101285_23.png,20101285_23.txt
2065.png,2065.txt
2179.png,2179.txt
654.png,654.txt
20121044_21.jpg,20121044_21.txt
2105.png,2105.txt
2047.png,2047.txt
23241108_05.jpg,23241108_05.txt
24141199_54.png,24141199_54.txt
20301228_69.png,20301228_69.txt
21101127_24.png,21101127_24.txt
726.png,726.txt
71.png,71.txt
68.png,68.txt
22101861_24.jpg,22101861_24.txt
20301368_16.jpg,20301368_16.txt
2493.png,2493.txt
1563.png,1563.txt
ID_38.jpg,ID_38.txt
2871.png,2871.txt
20301343_26.jpg,20301343_26.txt
752.png,752.txt
1036.png,1036.txt
2913.png,2913.txt
20301131_8.jpg,20301131_8.txt
24141199_33.png,24141199_33.txt
2620.png,2620.txt
20301159_08.jpg,20301159_08.txt
4436.png,4436.txt
20201023_22.jpg,20201023_22.txt
2920.png,2920.txt
57.png,57.txt
20301294_06.jpg,20301294_06.txt
1962.png,1962.txt
20121051_01.png,20121051_01.txt
64.png,64.txt
1463.png,1463.txt
20301003_14.png,20301003_14.txt
2454.png,2454.txt
21101312_37.png,21101312_37.txt
20201086_06.png,20201086_06.txt
19121070_28.jpg,19121070_28.txt
20301368_09.jpeg,20301368_09.txt
20121011_16.jpg,20121011_16.txt
20101285_03.png,20101285_03.txt
2873.png,2873.txt
2701.png,2701.txt
499.png,499.txt
2473.png,2473.txt
20321023_03.jpg,20321023_03.txt
358.png,358.txt
20121011_07.jpg,20121011_07.txt
20301414_27.png,20301414_27.txt
2720.png,2720.txt
2393.png,2393.txt
2371.png,2371.txt
20121026_15.jpg,20121026_15.txt
20301414_44.jpg,20301414_44.txt
20301294_27.jpg,20301294_27.txt
21101135_36.png,21101135_36.txt
2370.png,2370.txt
20121011_11.jpg,20121011_11.txt
2938.png,2938.txt
21301019_01.jpg,21301019_01.txt
23241084_4.png,23241084_4.txt
388.png,388.txt
20301090_11.png,20301090_11.txt
20201023_17.jpg,20201023_17.txt
20301228_56.png,20301228_56.txt
21301019_23.jpg,21301019_23.txt
2175.png,2175.txt
2652.png,2652.txt
2677.png,2677.txt
20301403_19.jpg,20301403_19.txt
24141199_22.png,24141199_22.txt
20101285_11.png,20101285_11.txt
1017.png,1017.txt
2637.png,2637.txt
20301368_24.jpg,20301368_24.txt
18101381_16.jpeg,18101381_16.txt
2910.png,2910.txt
21101312_51.jpg,21101312_51.txt
2168.png,2168.txt
1577.png,1577.txt
1014.png,1014.txt
1823.png,1823.txt
771.png,771.txt
556.png,556.txt
20121026_08.jpg,20121026_08.txt
2093.png,2093.txt
20201086_09.png,20201086_09.txt
760.png,760.txt
1801.png,1801.txt
1455.png,1455.txt
2898.png,2898.txt
20301294_15.jpg,20301294_15.txt
19101192_24.jpg,19101192_24.txt
20121011_18.jpg,20121011_18.txt
20301403_28.jpg,20301403_28.txt
527.png,527.txt
20301403_04.jpg,20301403_04.txt
21201775_07.png,21201775_07.txt
1628.png,1628.txt
788.png,788.txt
20301159_15.jpg,20301159_15.txt
4430.png,4430.txt
79.png,79.txt
20121026_01.jpg,20121026_01.txt
21101135_38.png,21101135_38.txt
19101192_23.jpg,19101192_23.txt
600.png,600.txt
20301266_25.jpeg,20301266_25.txt
21201175_10.png,21201175_10.txt
571.png,571.txt
2882.png,2882.txt
20301343_01.jpg,20301343_01.txt
2862.png,2862.txt
3096.png,3096.txt
2084.png,2084.txt
21101135_37.png,21101135_37.txt
21301019_13.jpg,21301019_13.txt
3017.png,3017.txt
16.png,16.txt
20201020_61.jpg,20201020_61.txt
20121051_30.png,20121051_30.txt
ID_35.jpg,ID_35.txt
2476.png,2476.txt
1496.png,1496.txt
20201023_23.jpg,20201023_23.txt
21301027_17.jpg,21301027_17.txt
ID_12.jpg,ID_12.txt
2348.png,2348.txt
2683.png,2683.txt
ID_08.jpg,ID_08.txt
23241113_33.jpg,23241113_33.txt
20301131_20.jpg,20301131_20.txt
20121051_18.png,20121051_18.txt
2501.png,2501.txt
51.png,51.txt
1464.png,1464.txt
839.png,839.txt
505.png,505.txt
3031.png,3031.txt
23241108_18.jpg,23241108_18.txt
2057.png,2057.txt
2214.png,2214.txt
20321023_25.jpg,20321023_25.txt
20121051_20.png,20121051_20.txt
3068.png,3068.txt
20301159_10.jpg,20301159_10.txt
577.png,577.txt
19121070_25.jpg,19121070_25.txt
3066.png,3066.txt
830.png,830.txt
728.png,728.txt
3083.png,3083.txt
797.png,797.txt
19121070_18.jpg,19121070_18.txt
2017.png,2017.txt
20301368_12.jpeg,20301368_12.txt
2203.png,2203.txt
21301116_14.jpg,21301116_14.txt
4420.png,4420.txt
2135.png,2135.txt
2992.png,2992.txt
2557.png,2557.txt
23241113_23.jpg,23241113_23.txt
22101857_18.png,22101857_18.txt
2059.png,2059.txt
360.png,360.txt
24141199_08.png,24141199_08.txt
334.png,334.txt
23241113_16.jpg,23241113_16.txt
20101285_17.png,20101285_17.txt
522.png,522.txt
20201148_01.png,20201148_01.txt
2973.png,2973.txt
20301228_50.png,20301228_50.txt
784.png,784.txt
2206.png,2206.txt
500.png,500.txt
21301116_26.jpg,21301116_26.txt
2690.png,2690.txt
20121066_26.jpg,20121066_26.txt
20201210_17.jpg,20201210_17.txt
1920.png,1920.txt
786.png,786.txt
20301266_27.jpeg,20301266_27.txt
2881.png,2881.txt
2344.png,2344.txt
2967.png,2967.txt
21101312_30.png,21101312_30.txt
1487.png,1487.txt
2353.png,2353.txt
20301368_05.jpeg,20301368_05.txt
2384.png,2384.txt
20301090_20.png,20301090_20.txt
20201210_02.jpg,20201210_02.txt
22101857_11.png,22101857_11.txt
22.png,22.txt
20301228_23.JPG,20301228_23.txt
2936.png,2936.txt
20201210_12.jpg,20201210_12.txt
20301414_21.png,20301414_21.txt
21101312_46.jpg,21101312_46.txt
20301228_60.png,20301228_60.txt
20201020_47.jpg,20201020_47.txt
1450.png,1450.txt
20121066_05.jpg,20121066_05.txt
23241084_29.png,23241084_29.txt
19101192_13.jpg,19101192_13.txt
20301414_57.jpg,20301414_57.txt
20101285_52.jpg,20101285_52.txt
3098.png,3098.txt
1005.png,1005.txt
2704.png,2704.txt
648.png,648.txt
2237.png,2237.txt
2901.png,2901.txt
543.png,543.txt
3058.png,3058.txt
20321023_18.jpg,20321023_18.txt
532.png,532.txt
20301266_29.jpeg,20301266_29.txt
21201175_28.png,21201175_28.txt
2560.png,2560.txt
20121066_01.jpg,20121066_01.txt
20301090_12.png,20301090_12.txt
21301027_08.jpg,21301027_08.txt
21301027_16.jpg,21301027_16.txt
21201175_01.png,21201175_01.txt
20301403_29.jpg,20301403_29.txt
2041.png,2041.txt
20101498_03.png,20101498_03.txt
20201020_70.png,20201020_70.txt
3028.png,3028.txt
1982.png,1982.txt
1618.png,1618.txt
274.png,274.txt
20121051_22.png,20121051_22.txt
21101282_32.jpg,21101282_32.txt
21301116_23.jpg,21301116_23.txt
20201210_08.jpg,20201210_08.txt
21101312_32.png,21101312_32.txt
21101312_66.jpg,21101312_66.txt
20121011_14.jpg,20121011_14.txt
521.png,521.txt
18101381_08.jpeg,18101381_08.txt
459.png,459.txt
20121044_23.jpg,20121044_23.txt
2849.png,2849.txt
20201210_24.jpg,20201210_24.txt
242.png,242.txt
1908.png,1908.txt
1491.png,1491.txt
23241084_9.jpg,23241084_9.txt
21301019_28.jpg,21301019_28.txt
1465.png,1465.txt
21301027_05.jpg,21301027_05.txt
837.png,837.txt
21101312_70.jpg,21101312_70.txt
377.png,377.txt
1882.png,1882.txt
20201210_26.jpg,20201210_26.txt
1839.png,1839.txt
1004.png,1004.txt
20121011_05.jpg,20121011_05.txt
2539.png,2539.txt
2176.png,2176.txt
477.png,477.txt
21101243_17.jpg,21101243_17.txt
24141199_46.png,24141199_46.txt
1479.png,1479.txt
21301589_05.png,21301589_05.txt
20301294_10.jpg,20301294_10.txt
20301228_43.png,20301228_43.txt
2134.png,2134.txt
20121051_09.png,20121051_09.txt
20301368_06.jpeg,20301368_06.txt
2025.png,2025.txt
1890.png,1890.txt
2086.png,2086.txt
24141199_23.png,24141199_23.txt
ID_31.jpg,ID_31.txt
2984.png,2984.txt
52.png,52.txt
324.png,324.txt
20121026_18.jpg,20121026_18.txt
3029.png,3029.txt
20201148_14.png,20201148_14.txt
1967.png,1967.txt
2846.png,2846.txt
20301368_20.jpg,20301368_20.txt
2612.png,2612.txt
20301403_22.jpg,20301403_22.txt
20121066_13.jpg,20121066_13.txt
1566.png,1566.txt
2514.png,2514.txt
2331.png,2331.txt
20321023_02.jpg,20321023_02.txt
24141199_50.png,24141199_50.txt
2045.png,2045.txt
21301019_26.jpg,21301019_26.txt
456.png,456.txt
19121070_08.jpg,19121070_08.txt
20301003_09.png,20301003_09.txt
2108.png,2108.txt
21141009_30.jpg,21141009_30.txt
2131.png,2131.txt
2548.png,2548.txt
20301343_04.jpg,20301343_04.txt
796.png,796.txt
20301228_19.JPG,20301228_19.txt
2655.png,2655.txt
22101857_23.png,22101857_23.txt
21301019_05.jpg,21301019_05.txt
2071.png,2071.txt
20301414_06.png,20301414_06.txt
23241084_69.jpg,23241084_69.txt
21101282_14.jpg,21101282_14.txt
20201210_20.jpg,20201210_20.txt
1040.png,1040.txt
23241084_32.jpg,23241084_32.txt
20301403_10.jpg,20301403_10.txt
572.png,572.txt
2210.png,2210.txt
2069.png,2069.txt
2006.png,2006.txt
18101381_02.jpeg,18101381_02.txt
739.png,739.txt
21301027_13.jpg,21301027_13.txt
21201775_11.png,21201775_11.txt
23341101_23.jpg,23341101_23.txt
20301403_01.jpg,20301403_01.txt
19121070_22.jpg,19121070_22.txt
23241108_04.jpg,23241108_04.txt
24141199_41.png,24141199_41.txt
21101135_21.JPG,21101135_21.txt
2982.png,2982.txt
21141009_17.jpg,21141009_17.txt
24141199_18.png,24141199_18.txt
3055.png,3055.txt
2096.png,2096.txt
20201086_05.png,20201086_05.txt
21301138_05.jpeg,21301138_05.txt
2359.png,2359.txt
21101282_20.jpg,21101282_20.txt
2463.png,2463.txt
1490.png,1490.txt
21101135_14.JPG,21101135_14.txt
ID_21.jpg,ID_21.txt
20301003_02.png,20301003_02.txt
2671.png,2671.txt
23241108_27.jpg,23241108_27.txt
777.png,777.txt
272.png,272.txt
20101285_38.png,20101285_38.txt
2190.png,2190.txt
1507.png,1507.txt
42.png,42.txt
20201086_25.png,20201086_25.txt
2034.png,2034.txt
21101282_04.jpg,21101282_04.txt
21101135_48.png,21101135_48.txt
2224.png,2224.txt
347.png,347.txt
21201775_15.png,21201775_15.txt
2939.png,2939.txt
22101857_2.png,22101857_2.txt
21201175_04.png,21201175_04.txt
4402.png,4402.txt
22141027_13.png,22141027_13.txt
1477.png,1477.txt
21301019_11.jpg,21301019_11.txt
20201086_16.png,20201086_16.txt
21101135_26.jpg,21101135_26.txt
20121011_17.jpg,20121011_17.txt
2687.png,2687.txt
20301159_05.jpg,20301159_05.txt
1894.png,1894.txt
1453.png,1453.txt
20301228_29.JPG,20301228_29.txt
20301343_18.jpg,20301343_18.txt
447.png,447.txt
19121070_10.jpg,19121070_10.txt
20201020_56.jpg,20201020_56.txt
18101381_29.jpeg,18101381_29.txt
20201148_34.png,20201148_34.txt
2336.png,2336.txt
660.png,660.txt
3095.png,3095.txt
19121070_17.jpg,19121070_17.txt
3114.png,3114.txt
2007.png,2007.txt
21101312_15.png,21101312_15.txt
24141199_30.png,24141199_30.txt
21301589_21.png,21301589_21.txt
21141009_13.jpg,21141009_13.txt
20301090_09.png,20301090_09.txt
21101135_44.png,21101135_44.txt
20121011_20.jpg,20121011_20.txt
548.png,548.txt
979.png,979.txt
20101285_59.jpg,20101285_59.txt
72.png,72.txt
75.png,75.txt
1483.png,1483.txt
448.png,448.txt
766.png,766.txt
20321023_08.jpg,20321023_08.txt
561.png,561.txt
2674.png,2674.txt
20201086_19.png,20201086_19.txt
2165.png,2165.txt
20301294_19.jpg,20301294_19.txt
21141009_03.jpg,21141009_03.txt
22141027_27.png,22141027_27.txt
2154.png,2154.txt
2332.png,2332.txt
20301266_05.jpg,20301266_05.txt
21101135_28.JPG,21101135_28.txt
21301138_11.jpeg,21301138_11.txt
550.png,550.txt
1585.png,1585.txt
3034.png,3034.txt
2691.png,2691.txt
2608.png,2608.txt
2395.png,2395.txt
63.png,63.txt
20301090_25.png,20301090_25.txt
20121051_15.png,20121051_15.txt
2843.png,2843.txt
323.png,323.txt
20301414_19.png,20301414_19.txt
2633.png,2633.txt
831.png,831.txt
1512.png,1512.txt
21101312_18.png,21101312_18.txt
3044.png,3044.txt
24141199_67.png,24141199_67.txt
2921.png,2921.txt
21301019_10.jpg,21301019_10.txt
21101127_14.png,21101127_14.txt
20121051_19.png,20121051_19.txt
21301138_23.jpeg,21301138_23.txt
23241113_11.jpg,23241113_11.txt
252.png,252.txt
1034.png,1034.txt
2029.png,2029.txt
4419.png,4419.txt
21101127_13.png,21101127_13.txt
2625.png,2625.txt
ID_13.jpg,ID_13.txt
23241084_24.jpg,23241084_24.txt
20301228_31.png,20301228_31.txt
20301403_27.jpg,20301403_27.txt
515.png,515.txt
19101192_2.jpg,19101192_2.txt
20301114_29.jpg,20301114_29.txt
3103.png,3103.txt
20301414_05.png,20301414_05.txt
21101135_18.JPG,21101135_18.txt
22141027_22.png,22141027_22.txt
24141199_26.png,24141199_26.txt
21101135_66.png,21101135_66.txt
20301266_10.jpg,20301266_10.txt
20201020_51.jpg,20201020_51.txt
20301090_28.png,20301090_28.txt
20301003_25.png,20301003_25.txt
20101498_22.jpg,20101498_22.txt
23241113_34.jpg,23241113_34.txt
470.png,470.txt
21301138_03.jpeg,21301138_03.txt
20101285_43.jpg,20101285_43.txt
20301114_24.jpg,20301114_24.txt
20101285_70.jpg,20101285_70.txt
833.png,833.txt
20301090_22.png,20301090_22.txt
20301414_62.jpg,20301414_62.txt
20121011_19.jpg,20121011_19.txt
20301343_27.jpg,20301343_27.txt
1986.png,1986.txt
20301343_02.jpg,20301343_02.txt
969.png,969.txt
816.png,816.txt
ID_36.jpg,ID_36.txt
2386.png,2386.txt
20301114_8.jpg,20301114_8.txt
23241108_11.jpg,23241108_11.txt
471.png,471.txt
2960.png,2960.txt
21301019_20.jpg,21301019_20.txt
4.png,4.txt
35.png,35.txt
1808.png,1808.txt
366.png,366.txt
20101498_14.png,20101498_14.txt
20201020_49.jpg,20201020_49.txt
20301414_42.jpg,20301414_42.txt
20101498_27.jpg,20101498_27.txt
1020.png,1020.txt
1813.png,1813.txt
581.png,581.txt
21101312_43.jpg,21101312_43.txt
20121066_14.jpg,20121066_14.txt
2721.png,2721.txt
19101192_14.jpg,19101192_14.txt
20301159_28.jpg,20301159_28.txt
23241113_07.jpg,23241113_07.txt
519.png,519.txt
20201210_35.jpg,20201210_35.txt
1907.png,1907.txt
20301403_07.jpg,20301403_07.txt
23241113_30.jpg,23241113_30.txt
20301003_27.png,20301003_27.txt
2980.png,2980.txt
20301294_04.jpg,20301294_04.txt
2367.png,2367.txt
20301414_63.jpg,20301414_63.txt
806.png,806.txt
20301414_29.png,20301414_29.txt
2879.png,2879.txt
3064.png,3064.txt
590.png,590.txt
21301589_22.png,21301589_22.txt
1910.png,1910.txt
2551.png,2551.txt
20121044_04.jpg,20121044_04.txt
19101192_3.jpg,19101192_3.txt
24141199_12.png,24141199_12.txt
350.png,350.txt
1824.png,1824.txt
21201775_03.png,21201775_03.txt
479.png,479.txt
20301090_19.png,20301090_19.txt
20301003_16.png,20301003_16.txt
256.png,256.txt
370.png,370.txt
18101381_10.jpeg,18101381_10.txt
1600.png,1600.txt
21301589_15.png,21301589_15.txt
1815.png,1815.txt
2021.png,2021.txt
29.png,29.txt
20301114_5.jpg,20301114_5.txt
20201020_46.jpg,20201020_46.txt
20301294_22.jpg,20301294_22.txt
20121026_10.jpg,20121026_10.txt
20201148_04.png,20201148_04.txt
3054.png,3054.txt
21201775_25.png,21201775_25.txt
20301003_17.png,20301003_17.txt
553.png,553.txt
2354.png,2354.txt
22101857_1.png,22101857_1.txt
2638.png,2638.txt
21301027_18.jpg,21301027_18.txt
3073.png,3073.txt
2682.png,2682.txt
20201148_21.png,20201148_21.txt
20301414_70.jpg,20301414_70.txt
20301003_26.png,20301003_26.txt
23241108_06.jpg,23241108_06.txt
20121066_20.jpg,20121066_20.txt
22101861_25.jpg,22101861_25.txt
3039.png,3039.txt
21301116_18.jpg,21301116_18.txt
20201020_42.jpg,20201020_42.txt
2225.png,2225.txt
2191.png,2191.txt
18.png,18.txt
1570.png,1570.txt
23241113_31.jpg,23241113_31.txt
20121026_13.jpg,20121026_13.txt
810.png,810.txt
3051.png,3051.txt
1506.png,1506.txt
1964.png,1964.txt
20121051_14.png,20121051_14.txt
4434.png,4434.txt
19101192_29.jpg,19101192_29.txt
1580.png,1580.txt
1637.png,1637.txt
2963.png,2963.txt
23241113_10.jpg,23241113_10.txt
1810.png,1810.txt
20301090_13.png,20301090_13.txt
20301228_13.JPG,20301228_13.txt
2335.png,2335.txt
597.png,597.txt
2850.png,2850.txt
2188.png,2188.txt
2494.png,2494.txt
811.png,811.txt
18101381_28.jpeg,18101381_28.txt
23241084_35.png,23241084_35.txt
2889.png,2889.txt
20301266_06.jpg,20301266_06.txt
20121011_01.jpg,20121011_01.txt
20101285_44.jpg,20101285_44.txt
3063.png,3063.txt
3118.png,3118.txt
2954.png,2954.txt
20301414_46.jpg,20301414_46.txt
19101192_5.jpg,19101192_5.txt
20201148_07.png,20201148_07.txt
2038.png,2038.txt
462.png,462.txt
2703.png,2703.txt
20321023_06.jpg,20321023_06.txt
4423.png,4423.txt
2517.png,2517.txt
21101135_49.png,21101135_49.txt
1472.png,1472.txt
